{"status":"success","availability_status":{"113415":"tersedia","101922":"tersedia","1818":"tersedia","101347":"tidak ada","2418":"tidak ada","617":"tidak ada","33":"tidak ada","6594":"tidak ada","20770":"tidak ada","105228":"tersedia","269":"tidak ada","11061":"tidak ada","127230":"tersedia","20605":"tidak ada","146650":"tidak ada","155783":"tersedia","136430":"tersedia","101348":"tersedia","109616":"tidak ada","115230":"tersedia","99699":"tidak ada","129664":"tidak ada","97986":"tidak ada","99412":"tidak ada","114535":"tersedia"}}