{"status":"success","availability_status":{"112151":"tersedia","101922":"tersedia","142329":"tersedia","269":"tidak ada","1735":"tersedia","20447":"tersedia","9919":"tidak ada","116006":"tidak ada","109150":"tidak ada","107201":"tersedia","98460":"tersedia","147463":"tidak ada","105143":"tidak ada","16498":"tidak ada","20958":"tidak ada","99147":"tidak ada","104578":"tidak ada","20811":"tidak ada","18397":"tidak ada","99634":"tidak ada","119113":"tidak ada","21507":"tidak ada","127230":"tersedia","145139":"tersedia","145064":"tersedia"}}