{"status":"success","availability_status":{"392":"tidak ada","101347":"tidak ada","205":"tersedia","101348":"tersedia","146650":"tidak ada","151040":"tidak ada","128034":"tersedia","918":"tersedia","99699":"tidak ada","249":"tersedia","44":"tidak ada","21":"tersedia","6594":"tidak ada","155202":"tersedia","128893":"tersedia","109616":"tidak ada","4151":"tidak ada","166":"tidak ada","136430":"tersedia","102977":"tidak ada","110355":"tidak ada","142343":"tidak ada","101922":"tersedia","142329":"tersedia","112151":"tersedia"}}