{"status":"success","availability_status":{"139821":"tersedia","108268":"tersedia","14833":"tidak ada","6594":"tidak ada","154587":"tersedia","486":"tidak ada","12355":"tidak ada","457":"tidak ada","112609":"tersedia","202":"tidak ada","161645":"tersedia","21058":"tidak ada","21258":"tidak ada","146206":"tersedia","123802":"tidak ada","168374":"tersedia","20599":"tidak ada","129190":"tersedia","2035":"tidak ada","97682":"tidak ada","133175":"tidak ada","20462":"tidak ada","20590":"tidak ada","21322":"tersedia","21184":"tidak ada"}}