{"status":"success","availability_status":{"132405":"tersedia","120697":"tidak ada","140596":"tidak ada","97863":"tidak ada","154459":"tersedia","141949":"tersedia","111323":"tidak ada","21472":"tidak ada","153152":"tersedia","151806":"tersedia","107226":"tidak ada","6512":"tidak ada","18897":"tersedia","119947":"tersedia","20728":"tersedia","20657":"tersedia","21180":"tersedia","100675":"tersedia","126192":"tidak ada","162694":"tersedia","21517":"tersedia","20031":"tidak ada","157397":"tersedia","107067":"tersedia","162804":"tersedia"}}