{"status":"success","availability_status":{"269":"tidak ada","8247":"tidak ada","100719":"tidak ada","113415":"tersedia","145064":"tersedia","131573":"tersedia","116673":"tidak ada","101922":"tersedia","1735":"tersedia","20":"tersedia","392":"tidak ada","119675":"tidak ada","1482":"tidak ada","97940":"tersedia","21":"tersedia","115230":"tersedia","11061":"tidak ada","20447":"tersedia","1604":"tidak ada","142329":"tersedia","3588":"tidak ada","20789":"tidak ada","129874":"tersedia","128893":"tersedia","154":"tidak ada"}}