{"status":"success","availability_status":{"890":"tidak ada","3325":"tidak ada","2803":"tidak ada","5075":"tidak ada","3486":"tidak ada","4532":"tidak ada","3505":"tidak ada","5440":"tidak ada","2484":"tidak ada","1897":"tidak ada","833":"tidak ada","1694":"tidak ada","1985":"tidak ada","2127":"tidak ada","1103":"tidak ada","2255":"tidak ada","20806":"tidak ada","19365":"tidak ada","138788":"tersedia","105928":"tidak ada","134761":"tersedia","1178":"tidak ada","9241":"tidak ada","1603":"tidak ada","4075":"tidak ada"}}