{"status":"success","availability_status":{"5081":"tersedia","17074":"tersedia","16592":"tidak ada","20541":"tidak ada","4896":"tidak ada","21708":"tidak ada","5177":"tidak ada","6594":"tidak ada","1535":"tidak ada","7193":"tidak ada","369":"tidak ada","101283":"tidak ada","20955":"tersedia","21190":"tidak ada","10798":"tidak ada","12189":"tidak ada","110350":"tidak ada","113428":"tidak ada","8425":"tersedia","128547":"tidak ada","9379":"tidak ada","129201":"tersedia","141391":"tersedia","21745":"tidak ada","21066":"tidak ada"}}