{"status":"success","availability_status":{"105334":"tersedia","20946":"tidak ada","14289":"tersedia","98202":"tidak ada","145":"tersedia","21049":"tersedia","20596":"tidak ada","8129":"tidak ada","21058":"tidak ada","14753":"tidak ada","7054":"tersedia","16":"tidak ada","14227":"tidak ada","5251":"tidak ada","2167":"tersedia","2034":"tidak ada","8768":"tidak ada","1222":"tidak ada","1562":"tidak ada","102":"tersedia","112641":"tidak ada","20665":"tidak ada","111762":"tersedia","103302":"tidak ada","14713":"tidak ada"}}