{"status":"success","availability_status":{"28":"tidak ada","21804":"tidak ada","9863":"tidak ada","9513":"tidak ada","11843":"tersedia","21202":"tersedia","100077":"tersedia","99699":"tidak ada","1604":"tidak ada","245":"tersedia","10165":"tersedia","21261":"tidak ada","13535":"tidak ada","20447":"tersedia","45":"tidak ada","15809":"tidak ada","379":"tidak ada","21":"tersedia","102977":"tidak ada","112625":"tidak ada","100922":"tersedia","1050":"tidak ada","205":"tersedia","6347":"tidak ada","20727":"tidak ada"}}