{"status":"success","availability_status":{"98866":"tidak ada","109403":"tidak ada","98868":"tidak ada","17549":"tersedia","99420":"tidak ada","99426":"tersedia","14355":"tidak ada","21284":"tidak ada","477":"tidak ada","1852":"tidak ada","20625":"tidak ada","975":"tidak ada","21406":"tidak ada","5680":"tidak ada","105914":"tidak ada","7791":"tidak ada","20485":"tidak ada","20575":"tidak ada","108092":"tidak ada","101910":"tidak ada","103301":"tidak ada","109019":"tidak ada","21495":"tidak ada","99468":"tidak ada","99748":"tidak ada"}}